-- phpMyAdmin SQL Dump
-- version 5.2.1
-- https://www.phpmyadmin.net/
--
-- Host: 127.0.0.1:3306
-- Generation Time: Jan 31, 2024 at 02:34 PM
-- Server version: 10.6.14-MariaDB-cll-lve
-- PHP Version: 7.2.34

SET SQL_MODE = "NO_AUTO_VALUE_ON_ZERO";
START TRANSACTION;
SET time_zone = "+00:00";


/*!40101 SET @OLD_CHARACTER_SET_CLIENT=@@CHARACTER_SET_CLIENT */;
/*!40101 SET @OLD_CHARACTER_SET_RESULTS=@@CHARACTER_SET_RESULTS */;
/*!40101 SET @OLD_COLLATION_CONNECTION=@@COLLATION_CONNECTION */;
/*!40101 SET NAMES utf8mb4 */;

--
-- Database: `u824780914_eval2`
--

-- --------------------------------------------------------

--
-- Table structure for table `academic_list`
--

CREATE TABLE `academic_list` (
  `id` int(30) NOT NULL,
  `year` text NOT NULL,
  `semester` int(30) NOT NULL,
  `is_default` tinyint(1) NOT NULL DEFAULT 0,
  `status` int(1) NOT NULL DEFAULT 0 COMMENT '0=Pending,1=Start,2=Closed'
) ENGINE=InnoDB DEFAULT CHARSET=utf8mb4 COLLATE=utf8mb4_general_ci;

--
-- Dumping data for table `academic_list`
--

INSERT INTO `academic_list` (`id`, `year`, `semester`, `is_default`, `status`) VALUES
(1, '2019-2020', 1, 0, 0),
(2, '2019-2020', 2, 0, 0),
(3, '2020-2021', 1, 0, 2),
(4, '2023-2024', 5, 1, 1),
(5, '', 5, 0, 0);

-- --------------------------------------------------------

--
-- Table structure for table `class_list`
--

CREATE TABLE `class_list` (
  `id` int(30) NOT NULL,
  `curriculum` text NOT NULL,
  `level` text NOT NULL,
  `section` text NOT NULL
) ENGINE=InnoDB DEFAULT CHARSET=utf8mb4 COLLATE=utf8mb4_general_ci;

--
-- Dumping data for table `class_list`
--

INSERT INTO `class_list` (`id`, `curriculum`, `level`, `section`) VALUES
(4, 'CS', 'TY', 'B'),
(5, 'AIML CS', 'TY', 'A');

-- --------------------------------------------------------

--
-- Table structure for table `criteria_list`
--

CREATE TABLE `criteria_list` (
  `id` int(30) NOT NULL,
  `criteria` text NOT NULL,
  `order_by` int(30) NOT NULL
) ENGINE=InnoDB DEFAULT CHARSET=utf8mb4 COLLATE=utf8mb4_general_ci;

--
-- Dumping data for table `criteria_list`
--

INSERT INTO `criteria_list` (`id`, `criteria`, `order_by`) VALUES
(5, 'Faculty Assessment', 0);

-- --------------------------------------------------------

--
-- Table structure for table `evaluation_answers`
--

CREATE TABLE `evaluation_answers` (
  `evaluation_id` int(30) NOT NULL,
  `question_id` int(30) NOT NULL,
  `rate` int(20) NOT NULL
) ENGINE=InnoDB DEFAULT CHARSET=utf8mb4 COLLATE=utf8mb4_general_ci;

--
-- Dumping data for table `evaluation_answers`
--

INSERT INTO `evaluation_answers` (`evaluation_id`, `question_id`, `rate`) VALUES
(1, 1, 5),
(1, 6, 4),
(1, 3, 5),
(2, 1, 5),
(2, 6, 5),
(2, 3, 4),
(3, 1, 5),
(3, 6, 5),
(3, 3, 4),
(4, 8, 3),
(4, 9, 5),
(4, 10, 3),
(5, 8, 4),
(5, 9, 5),
(5, 10, 3),
(5, 12, 5),
(6, 8, 2),
(6, 9, 4),
(6, 13, 5),
(6, 10, 1),
(6, 12, 1),
(7, 8, 5),
(7, 9, 5),
(7, 13, 5),
(7, 10, 5),
(7, 12, 5),
(8, 8, 1),
(8, 9, 1),
(8, 13, 5),
(8, 10, 2),
(8, 12, 1),
(9, 8, 1),
(9, 9, 1),
(9, 13, 4),
(9, 10, 2),
(9, 12, 3),
(10, 8, 4),
(10, 9, 2),
(10, 13, 3),
(10, 14, 3),
(10, 16, 1),
(10, 10, 5),
(10, 12, 5),
(10, 15, 5),
(11, 8, 4),
(11, 9, 5),
(11, 13, 5),
(11, 14, 5),
(11, 16, 4),
(11, 10, 5),
(11, 12, 5),
(11, 15, 5),
(12, 8, 5),
(12, 9, 5),
(12, 13, 5),
(12, 14, 3),
(12, 16, 4),
(12, 10, 5),
(12, 12, 4),
(12, 15, 5),
(13, 8, 4),
(13, 9, 5),
(13, 13, 4),
(13, 14, 5),
(13, 16, 5),
(13, 10, 5),
(13, 12, 4),
(13, 15, 5),
(14, 8, 5),
(14, 9, 5),
(14, 13, 4),
(14, 14, 5),
(14, 16, 4),
(14, 10, 5),
(14, 12, 4),
(14, 15, 5),
(15, 8, 2),
(15, 9, 4),
(15, 13, 2),
(15, 14, 2),
(15, 16, 3),
(15, 17, 5),
(15, 18, 5),
(15, 10, 2),
(15, 12, 5),
(15, 15, 3),
(16, 8, 2),
(16, 9, 5),
(16, 13, 5),
(16, 14, 2),
(16, 16, 2),
(16, 17, 5),
(16, 18, 5),
(16, 10, 5),
(16, 12, 5),
(16, 15, 5),
(17, 8, 2),
(17, 9, 2),
(17, 13, 3),
(17, 14, 5),
(17, 16, 2),
(17, 17, 5),
(17, 18, 2),
(17, 10, 5),
(17, 12, 5),
(17, 15, 5),
(18, 8, 5),
(18, 9, 5),
(18, 13, 5),
(18, 14, 5),
(18, 16, 5),
(18, 17, 5),
(18, 18, 5),
(18, 10, 5),
(18, 12, 5),
(18, 15, 5),
(19, 8, 5),
(19, 9, 5),
(19, 13, 5),
(19, 14, 5),
(19, 16, 5),
(19, 17, 5),
(19, 18, 5),
(19, 10, 5),
(19, 12, 5),
(19, 15, 5),
(20, 8, 5),
(20, 9, 5),
(20, 13, 5),
(20, 14, 3),
(20, 16, 5),
(20, 17, 5),
(20, 18, 5),
(20, 10, 3),
(20, 12, 5),
(20, 15, 2),
(21, 8, 1),
(21, 9, 3),
(21, 13, 5),
(21, 14, 1),
(21, 16, 2),
(21, 17, 2),
(21, 18, 1),
(21, 10, 5),
(21, 12, 1),
(21, 15, 2),
(22, 8, 1),
(22, 9, 5),
(22, 13, 1),
(22, 14, 2),
(22, 16, 2),
(22, 17, 2),
(22, 18, 5),
(22, 10, 2),
(22, 12, 5),
(22, 15, 2),
(23, 8, 5),
(23, 9, 5),
(23, 13, 5),
(23, 14, 5),
(23, 16, 5),
(23, 17, 5),
(23, 18, 5),
(23, 10, 5),
(23, 12, 5),
(23, 15, 5),
(24, 20, 1),
(24, 21, 2),
(24, 22, 1),
(24, 23, 1),
(24, 24, 1),
(24, 25, 1),
(24, 26, 1),
(24, 28, 2),
(24, 29, 2),
(24, 30, 4),
(25, 20, 1),
(25, 21, 1),
(25, 22, 1),
(25, 23, 1),
(25, 24, 1),
(25, 25, 1),
(25, 26, 2),
(25, 28, 2),
(25, 29, 2),
(25, 30, 1),
(26, 20, 5),
(26, 21, 5),
(26, 22, 5),
(26, 23, 5),
(26, 24, 5),
(26, 25, 5),
(26, 26, 5),
(26, 28, 5),
(26, 29, 5),
(26, 30, 5),
(27, 20, 5),
(27, 21, 1),
(27, 22, 5),
(27, 23, 5),
(27, 24, 5),
(27, 25, 5),
(27, 26, 5),
(27, 28, 5),
(27, 29, 5),
(27, 30, 5),
(28, 20, 5),
(28, 21, 1),
(28, 22, 5),
(28, 23, 5),
(28, 24, 5),
(28, 25, 5),
(28, 26, 5),
(28, 28, 5),
(28, 29, 5),
(28, 30, 5),
(29, 20, 5),
(29, 21, 5),
(29, 22, 5),
(29, 23, 5),
(29, 24, 5),
(29, 25, 5),
(29, 26, 5),
(29, 28, 5),
(29, 29, 5),
(29, 30, 5),
(30, 20, 5),
(30, 21, 5),
(30, 22, 5),
(30, 23, 5),
(30, 24, 5),
(30, 25, 5),
(30, 26, 5),
(30, 28, 5),
(30, 29, 5),
(30, 30, 5),
(31, 20, 5),
(31, 21, 5),
(31, 22, 5),
(31, 23, 5),
(31, 24, 5),
(31, 25, 5),
(31, 26, 5),
(31, 28, 5),
(31, 29, 5),
(31, 30, 5),
(32, 20, 5),
(32, 21, 5),
(32, 22, 5),
(32, 23, 5),
(32, 24, 5),
(32, 25, 5),
(32, 26, 5),
(32, 28, 5),
(32, 29, 5),
(32, 30, 5),
(33, 20, 5),
(33, 21, 5),
(33, 22, 5),
(33, 23, 5),
(33, 24, 5),
(33, 25, 5),
(33, 26, 5),
(33, 28, 5),
(33, 29, 5),
(33, 30, 5),
(34, 20, 5),
(34, 21, 5),
(34, 22, 5),
(34, 23, 5),
(34, 24, 5),
(34, 25, 3),
(34, 26, 3),
(34, 28, 2),
(34, 29, 5),
(34, 30, 5),
(35, 20, 5),
(35, 21, 4),
(35, 22, 4),
(35, 23, 4),
(35, 24, 4),
(35, 25, 4),
(35, 26, 4),
(35, 28, 4),
(35, 29, 4),
(35, 30, 4),
(36, 20, 5),
(36, 21, 5),
(36, 22, 5),
(36, 23, 5),
(36, 24, 5),
(36, 25, 5),
(36, 26, 5),
(36, 28, 5),
(36, 29, 5),
(36, 30, 5),
(37, 20, 5),
(37, 21, 5),
(37, 22, 5),
(37, 23, 5),
(37, 24, 5),
(37, 25, 5),
(37, 26, 5),
(37, 28, 5),
(37, 29, 5),
(37, 30, 5),
(38, 20, 5),
(38, 21, 5),
(38, 22, 5),
(38, 23, 5),
(38, 24, 5),
(38, 25, 5),
(38, 26, 5),
(38, 28, 5),
(38, 29, 5),
(38, 30, 5),
(39, 20, 4),
(39, 21, 5),
(39, 22, 4),
(39, 23, 5),
(39, 24, 4),
(39, 25, 5),
(39, 26, 4),
(39, 28, 5),
(39, 29, 4),
(39, 30, 5),
(40, 20, 5),
(40, 21, 5),
(40, 22, 5),
(40, 23, 5),
(40, 24, 5),
(40, 25, 5),
(40, 26, 5),
(40, 28, 5),
(40, 29, 5),
(40, 30, 5),
(41, 20, 5),
(41, 21, 5),
(41, 22, 5),
(41, 23, 5),
(41, 24, 5),
(41, 25, 5),
(41, 26, 5),
(41, 28, 5),
(41, 29, 5),
(41, 30, 5),
(42, 20, 5),
(42, 21, 5),
(42, 22, 5),
(42, 23, 5),
(42, 24, 5),
(42, 25, 5),
(42, 26, 5),
(42, 28, 5),
(42, 29, 5),
(42, 30, 4),
(43, 20, 5),
(43, 21, 5),
(43, 22, 5),
(43, 23, 5),
(43, 24, 5),
(43, 25, 5),
(43, 26, 5),
(43, 28, 5),
(43, 29, 5),
(43, 30, 5),
(44, 20, 5),
(44, 21, 5),
(44, 22, 5),
(44, 23, 5),
(44, 24, 5),
(44, 25, 5),
(44, 26, 5),
(44, 28, 5),
(44, 29, 5),
(44, 30, 5),
(45, 20, 5),
(45, 21, 5),
(45, 22, 5),
(45, 23, 5),
(45, 24, 5),
(45, 25, 5),
(45, 26, 5),
(45, 28, 5),
(45, 29, 5),
(45, 30, 5),
(46, 20, 5),
(46, 21, 5),
(46, 22, 5),
(46, 23, 5),
(46, 24, 5),
(46, 25, 5),
(46, 26, 5),
(46, 28, 5),
(46, 29, 5),
(46, 30, 5),
(47, 20, 5),
(47, 21, 5),
(47, 22, 5),
(47, 23, 5),
(47, 24, 5),
(47, 25, 5),
(47, 26, 5),
(47, 28, 5),
(47, 29, 5),
(47, 30, 5),
(48, 20, 5),
(48, 21, 5),
(48, 22, 5),
(48, 23, 5),
(48, 24, 5),
(48, 25, 5),
(48, 26, 5),
(48, 28, 5),
(48, 29, 5),
(48, 30, 5),
(49, 20, 5),
(49, 21, 5),
(49, 22, 5),
(49, 23, 5),
(49, 24, 5),
(49, 25, 5),
(49, 26, 5),
(49, 28, 5),
(49, 29, 5),
(49, 30, 5),
(50, 20, 5),
(50, 21, 5),
(50, 22, 5),
(50, 23, 5),
(50, 24, 5),
(50, 25, 5),
(50, 26, 5),
(50, 28, 5),
(50, 29, 5),
(50, 30, 5),
(51, 20, 5),
(51, 21, 5),
(51, 22, 5),
(51, 23, 5),
(51, 24, 5),
(51, 25, 5),
(51, 26, 5),
(51, 28, 5),
(51, 29, 5),
(51, 30, 5),
(52, 20, 5),
(52, 21, 5),
(52, 22, 4),
(52, 23, 5),
(52, 24, 5),
(52, 25, 4),
(52, 26, 5),
(52, 28, 5),
(52, 29, 5),
(52, 30, 5),
(53, 20, 5),
(53, 21, 5),
(53, 22, 5),
(53, 23, 5),
(53, 24, 5),
(53, 25, 5),
(53, 26, 5),
(53, 28, 5),
(53, 29, 4),
(53, 30, 5),
(54, 20, 4),
(54, 21, 4),
(54, 22, 4),
(54, 23, 4),
(54, 24, 4),
(54, 25, 4),
(54, 26, 4),
(54, 28, 4),
(54, 29, 4),
(54, 30, 4),
(55, 20, 5),
(55, 21, 5),
(55, 22, 4),
(55, 23, 5),
(55, 24, 5),
(55, 25, 5),
(55, 26, 5),
(55, 28, 5),
(55, 29, 5),
(55, 30, 5),
(56, 20, 5),
(56, 21, 5),
(56, 22, 5),
(56, 23, 2),
(56, 24, 5),
(56, 25, 5),
(56, 26, 5),
(56, 28, 5),
(56, 29, 5),
(56, 30, 5),
(57, 20, 5),
(57, 21, 5),
(57, 22, 5),
(57, 23, 5),
(57, 24, 5),
(57, 25, 5),
(57, 26, 5),
(57, 28, 5),
(57, 29, 5),
(57, 30, 5),
(58, 20, 5),
(58, 21, 5),
(58, 22, 5),
(58, 23, 5),
(58, 24, 5),
(58, 25, 5),
(58, 26, 5),
(58, 28, 5),
(58, 29, 5),
(58, 30, 5),
(59, 20, 1),
(59, 21, 1),
(59, 22, 1),
(59, 23, 1),
(59, 24, 1),
(59, 25, 1),
(59, 26, 1),
(59, 28, 1),
(59, 29, 1),
(59, 30, 1),
(60, 20, 5),
(60, 21, 5),
(60, 22, 5),
(60, 23, 5),
(60, 24, 5),
(60, 25, 5),
(60, 26, 5),
(60, 28, 5),
(60, 29, 5),
(60, 30, 5),
(61, 20, 5),
(61, 21, 5),
(61, 22, 5),
(61, 23, 5),
(61, 24, 5),
(61, 25, 5),
(61, 26, 5),
(61, 28, 5),
(61, 29, 5),
(61, 30, 5),
(62, 20, 5),
(62, 21, 5),
(62, 22, 5),
(62, 23, 5),
(62, 24, 5),
(62, 25, 5),
(62, 26, 5),
(62, 28, 5),
(62, 29, 5),
(62, 30, 5),
(63, 20, 5),
(63, 21, 5),
(63, 22, 5),
(63, 23, 5),
(63, 24, 5),
(63, 25, 5),
(63, 26, 5),
(63, 28, 5),
(63, 29, 5),
(63, 30, 5),
(64, 20, 5),
(64, 21, 5),
(64, 22, 5),
(64, 23, 5),
(64, 24, 5),
(64, 25, 5),
(64, 26, 5),
(64, 28, 5),
(64, 29, 5),
(64, 30, 5),
(65, 20, 5),
(65, 21, 5),
(65, 22, 5),
(65, 23, 5),
(65, 24, 5),
(65, 25, 5),
(65, 26, 5),
(65, 28, 5),
(65, 29, 5),
(65, 30, 5),
(66, 20, 4),
(66, 21, 4),
(66, 22, 5),
(66, 23, 4),
(66, 24, 4),
(66, 25, 4),
(66, 26, 4),
(66, 28, 4),
(66, 29, 3),
(66, 30, 4),
(67, 20, 5),
(67, 21, 5),
(67, 22, 5),
(67, 23, 5),
(67, 24, 5),
(67, 25, 5),
(67, 26, 5),
(67, 28, 5),
(67, 29, 5),
(67, 30, 5),
(68, 20, 5),
(68, 21, 5),
(68, 22, 5),
(68, 23, 5),
(68, 24, 5),
(68, 25, 5),
(68, 26, 5),
(68, 28, 5),
(68, 29, 5),
(68, 30, 5),
(69, 20, 5),
(69, 21, 5),
(69, 22, 5),
(69, 23, 5),
(69, 24, 5),
(69, 25, 5),
(69, 26, 5),
(69, 28, 5),
(69, 29, 5),
(69, 30, 5),
(70, 20, 5),
(70, 21, 5),
(70, 22, 5),
(70, 23, 5),
(70, 24, 5),
(70, 25, 5),
(70, 26, 5),
(70, 28, 5),
(70, 29, 5),
(70, 30, 5),
(71, 20, 5),
(71, 21, 5),
(71, 22, 5),
(71, 23, 5),
(71, 24, 5),
(71, 25, 5),
(71, 26, 5),
(71, 28, 5),
(71, 29, 5),
(71, 30, 5),
(72, 20, 5),
(72, 21, 5),
(72, 22, 5),
(72, 23, 5),
(72, 24, 5),
(72, 25, 5),
(72, 26, 5),
(72, 28, 5),
(72, 29, 5),
(72, 30, 5),
(73, 20, 4),
(73, 21, 4),
(73, 22, 4),
(73, 23, 4),
(73, 24, 4),
(73, 25, 4),
(73, 26, 4),
(73, 28, 4),
(73, 29, 4),
(73, 30, 4),
(74, 20, 5),
(74, 21, 5),
(74, 22, 5),
(74, 23, 5),
(74, 24, 5),
(74, 25, 5),
(74, 26, 5),
(74, 28, 5),
(74, 29, 5),
(74, 30, 5),
(75, 20, 5),
(75, 21, 5),
(75, 22, 5),
(75, 23, 5),
(75, 24, 5),
(75, 25, 5),
(75, 26, 5),
(75, 28, 5),
(75, 29, 5),
(75, 30, 5),
(76, 20, 2),
(76, 21, 3),
(76, 22, 2),
(76, 23, 5),
(76, 24, 5),
(76, 25, 4),
(76, 26, 3),
(76, 28, 5),
(76, 29, 3),
(76, 30, 3),
(77, 20, 5),
(77, 21, 4),
(77, 22, 5),
(77, 23, 4),
(77, 24, 5),
(77, 25, 4),
(77, 26, 5),
(77, 28, 4),
(77, 29, 5),
(77, 30, 4),
(78, 20, 4),
(78, 21, 4),
(78, 22, 4),
(78, 23, 5),
(78, 24, 4),
(78, 25, 3),
(78, 26, 5),
(78, 28, 4),
(78, 29, 4),
(78, 30, 5),
(79, 20, 4),
(79, 21, 4),
(79, 22, 4),
(79, 23, 4),
(79, 24, 5),
(79, 25, 4),
(79, 26, 5),
(79, 28, 5),
(79, 29, 5),
(79, 30, 5),
(80, 20, 5),
(80, 21, 5),
(80, 22, 5),
(80, 23, 2),
(80, 24, 5),
(80, 25, 5),
(80, 26, 5),
(80, 28, 5),
(80, 29, 5),
(80, 30, 5),
(81, 20, 5),
(81, 21, 5),
(81, 22, 5),
(81, 23, 5),
(81, 24, 5),
(81, 25, 5),
(81, 26, 5),
(81, 28, 5),
(81, 29, 5),
(81, 30, 5),
(82, 20, 5),
(82, 21, 5),
(82, 22, 5),
(82, 23, 5),
(82, 24, 5),
(82, 25, 5),
(82, 26, 5),
(82, 28, 5),
(82, 29, 5),
(82, 30, 5),
(83, 20, 5),
(83, 21, 5),
(83, 22, 5),
(83, 23, 5),
(83, 24, 5),
(83, 25, 5),
(83, 26, 5),
(83, 28, 5),
(83, 29, 5),
(83, 30, 5),
(84, 20, 5),
(84, 21, 5),
(84, 22, 4),
(84, 23, 5),
(84, 24, 5),
(84, 25, 3),
(84, 26, 5),
(84, 28, 5),
(84, 29, 5),
(84, 30, 4),
(85, 20, 5),
(85, 21, 5),
(85, 22, 5),
(85, 23, 5),
(85, 24, 5),
(85, 25, 5),
(85, 26, 5),
(85, 28, 5),
(85, 29, 5),
(85, 30, 5),
(86, 20, 5),
(86, 21, 5),
(86, 22, 5),
(86, 23, 5),
(86, 24, 5),
(86, 25, 5),
(86, 26, 5),
(86, 28, 5),
(86, 29, 5),
(86, 30, 5),
(87, 20, 5),
(87, 21, 5),
(87, 22, 5),
(87, 23, 5),
(87, 24, 5),
(87, 25, 5),
(87, 26, 5),
(87, 28, 5),
(87, 29, 5),
(87, 30, 5),
(88, 20, 5),
(88, 21, 5),
(88, 22, 5),
(88, 23, 5),
(88, 24, 5),
(88, 25, 5),
(88, 26, 5),
(88, 28, 5),
(88, 29, 5),
(88, 30, 5),
(89, 20, 5),
(89, 21, 5),
(89, 22, 5),
(89, 23, 5),
(89, 24, 5),
(89, 25, 5),
(89, 26, 5),
(89, 28, 5),
(89, 29, 5),
(89, 30, 5),
(90, 20, 4),
(90, 21, 5),
(90, 22, 4),
(90, 23, 5),
(90, 24, 4),
(90, 25, 5),
(90, 26, 4),
(90, 28, 5),
(90, 29, 5),
(90, 30, 4),
(91, 20, 5),
(91, 21, 5),
(91, 22, 5),
(91, 23, 5),
(91, 24, 5),
(91, 25, 5),
(91, 26, 3),
(91, 28, 4),
(91, 29, 5),
(91, 30, 5),
(92, 20, 5),
(92, 21, 5),
(92, 22, 5),
(92, 23, 5),
(92, 24, 5),
(92, 25, 5),
(92, 26, 5),
(92, 28, 5),
(92, 29, 5),
(92, 30, 5),
(93, 20, 5),
(93, 21, 5),
(93, 22, 5),
(93, 23, 5),
(93, 24, 5),
(93, 25, 5),
(93, 26, 5),
(93, 28, 5),
(93, 29, 5),
(93, 30, 5),
(94, 20, 5),
(94, 21, 5),
(94, 22, 5),
(94, 23, 5),
(94, 24, 5),
(94, 25, 5),
(94, 26, 5),
(94, 28, 5),
(94, 29, 5),
(94, 30, 5),
(95, 20, 5),
(95, 21, 5),
(95, 22, 5),
(95, 23, 5),
(95, 24, 5),
(95, 25, 5),
(95, 26, 5),
(95, 28, 5),
(95, 29, 5),
(95, 30, 5),
(96, 20, 5),
(96, 21, 5),
(96, 22, 5),
(96, 23, 5),
(96, 24, 5),
(96, 25, 5),
(96, 26, 5),
(96, 28, 5),
(96, 29, 5),
(96, 30, 5),
(97, 20, 5),
(97, 21, 5),
(97, 22, 5),
(97, 23, 5),
(97, 24, 5),
(97, 25, 5),
(97, 26, 5),
(97, 28, 5),
(97, 29, 5),
(97, 30, 5),
(98, 20, 4),
(98, 21, 5),
(98, 22, 4),
(98, 23, 5),
(98, 24, 5),
(98, 25, 4),
(98, 26, 5),
(98, 28, 5),
(98, 29, 5),
(98, 30, 4),
(99, 20, 5),
(99, 21, 5),
(99, 22, 5),
(99, 23, 5),
(99, 24, 5),
(99, 25, 5),
(99, 26, 5),
(99, 28, 5),
(99, 29, 5),
(99, 30, 5),
(100, 20, 5),
(100, 21, 5),
(100, 22, 5),
(100, 23, 5),
(100, 24, 5),
(100, 25, 5),
(100, 26, 5),
(100, 28, 5),
(100, 29, 5),
(100, 30, 5),
(101, 20, 4),
(101, 21, 5),
(101, 22, 4),
(101, 23, 5),
(101, 24, 5),
(101, 25, 4),
(101, 26, 5),
(101, 28, 4),
(101, 29, 5),
(101, 30, 4),
(102, 20, 5),
(102, 21, 5),
(102, 22, 5),
(102, 23, 5),
(102, 24, 5),
(102, 25, 5),
(102, 26, 5),
(102, 28, 5),
(102, 29, 4),
(102, 30, 4),
(103, 20, 5),
(103, 21, 5),
(103, 22, 5),
(103, 23, 5),
(103, 24, 5),
(103, 25, 5),
(103, 26, 5),
(103, 28, 5),
(103, 29, 5),
(103, 30, 5),
(104, 20, 2),
(104, 21, 5),
(104, 22, 3),
(104, 23, 3),
(104, 24, 2),
(104, 25, 3),
(104, 26, 2),
(104, 28, 3),
(104, 29, 3),
(104, 30, 3),
(105, 20, 5),
(105, 21, 4),
(105, 22, 5),
(105, 23, 4),
(105, 24, 5),
(105, 25, 4),
(105, 26, 5),
(105, 28, 4),
(105, 29, 5),
(105, 30, 4),
(106, 20, 3),
(106, 21, 4),
(106, 22, 5),
(106, 23, 5),
(106, 24, 2),
(106, 25, 1),
(106, 26, 2),
(106, 28, 2),
(106, 29, 3),
(106, 30, 5),
(107, 20, 5),
(107, 21, 5),
(107, 22, 5),
(107, 23, 5),
(107, 24, 5),
(107, 25, 5),
(107, 26, 5),
(107, 28, 5),
(107, 29, 5),
(107, 30, 5),
(108, 20, 5),
(108, 21, 5),
(108, 22, 5),
(108, 23, 5),
(108, 24, 5),
(108, 25, 5),
(108, 26, 5),
(108, 28, 5),
(108, 29, 5),
(108, 30, 5),
(109, 20, 4),
(109, 21, 5),
(109, 22, 4),
(109, 23, 5),
(109, 24, 5),
(109, 25, 5),
(109, 26, 5),
(109, 28, 4),
(109, 29, 4),
(109, 30, 5),
(110, 20, 5),
(110, 21, 5),
(110, 22, 5),
(110, 23, 5),
(110, 24, 4),
(110, 25, 4),
(110, 26, 4),
(110, 28, 4),
(110, 29, 4),
(110, 30, 5),
(111, 20, 5),
(111, 21, 5),
(111, 22, 5),
(111, 23, 5),
(111, 24, 5),
(111, 25, 5),
(111, 26, 5),
(111, 28, 5),
(111, 29, 5),
(111, 30, 5),
(112, 20, 4),
(112, 21, 3),
(112, 22, 4),
(112, 23, 4),
(112, 24, 4),
(112, 25, 4),
(112, 26, 4),
(112, 28, 4),
(112, 29, 3),
(112, 30, 4),
(113, 20, 5),
(113, 21, 5),
(113, 22, 5),
(113, 23, 5),
(113, 24, 5),
(113, 25, 5),
(113, 26, 5),
(113, 28, 5),
(113, 29, 5),
(113, 30, 5),
(114, 20, 5),
(114, 21, 4),
(114, 22, 4),
(114, 23, 5),
(114, 24, 4),
(114, 25, 5),
(114, 26, 5),
(114, 28, 4),
(114, 29, 5),
(114, 30, 4),
(115, 20, 5),
(115, 21, 5),
(115, 22, 5),
(115, 23, 5),
(115, 24, 5),
(115, 25, 5),
(115, 26, 5),
(115, 28, 5),
(115, 29, 5),
(115, 30, 5),
(116, 20, 2),
(116, 21, 4),
(116, 22, 3),
(116, 23, 3),
(116, 24, 3),
(116, 25, 3),
(116, 26, 3),
(116, 28, 3),
(116, 29, 3),
(116, 30, 3),
(117, 20, 5),
(117, 21, 5),
(117, 22, 5),
(117, 23, 5),
(117, 24, 5),
(117, 25, 5),
(117, 26, 5),
(117, 28, 5),
(117, 29, 5),
(117, 30, 5),
(118, 20, 3),
(118, 21, 5),
(118, 22, 4),
(118, 23, 5),
(118, 24, 5),
(118, 25, 4),
(118, 26, 5),
(118, 28, 5),
(118, 29, 4),
(118, 30, 5),
(119, 20, 4),
(119, 21, 5),
(119, 22, 5),
(119, 23, 5),
(119, 24, 4),
(119, 25, 3),
(119, 26, 3),
(119, 28, 4),
(119, 29, 5),
(119, 30, 5),
(120, 20, 5),
(120, 21, 5),
(120, 22, 5),
(120, 23, 5),
(120, 24, 5),
(120, 25, 5),
(120, 26, 3),
(120, 28, 4),
(120, 29, 4),
(120, 30, 5),
(121, 20, 5),
(121, 21, 5),
(121, 22, 5),
(121, 23, 5),
(121, 24, 5),
(121, 25, 5),
(121, 26, 5),
(121, 28, 5),
(121, 29, 5),
(121, 30, 5),
(122, 20, 4),
(122, 21, 4),
(122, 22, 5),
(122, 23, 4),
(122, 24, 5),
(122, 25, 4),
(122, 26, 5),
(122, 28, 4),
(122, 29, 5),
(122, 30, 4),
(123, 20, 5),
(123, 21, 5),
(123, 22, 5),
(123, 23, 5),
(123, 24, 5),
(123, 25, 5),
(123, 26, 5),
(123, 28, 5),
(123, 29, 5),
(123, 30, 5),
(124, 20, 5),
(124, 21, 5),
(124, 22, 5),
(124, 23, 5),
(124, 24, 5),
(124, 25, 5),
(124, 26, 5),
(124, 28, 5),
(124, 29, 5),
(124, 30, 5),
(125, 20, 5),
(125, 21, 5),
(125, 22, 5),
(125, 23, 5),
(125, 24, 5),
(125, 25, 5),
(125, 26, 5),
(125, 28, 5),
(125, 29, 5),
(125, 30, 5),
(126, 20, 5),
(126, 21, 5),
(126, 22, 5),
(126, 23, 5),
(126, 24, 4),
(126, 25, 5),
(126, 26, 4),
(126, 28, 4),
(126, 29, 5),
(126, 30, 5),
(127, 20, 5),
(127, 21, 5),
(127, 22, 4),
(127, 23, 4),
(127, 24, 5),
(127, 25, 4),
(127, 26, 4),
(127, 28, 4),
(127, 29, 4),
(127, 30, 4),
(128, 20, 5),
(128, 21, 5),
(128, 22, 5),
(128, 23, 5),
(128, 24, 5),
(128, 25, 5),
(128, 26, 5),
(128, 28, 5),
(128, 29, 5),
(128, 30, 5),
(129, 20, 5),
(129, 21, 4),
(129, 22, 5),
(129, 23, 5),
(129, 24, 4),
(129, 25, 5),
(129, 26, 4),
(129, 28, 5),
(129, 29, 4),
(129, 30, 5),
(130, 20, 5),
(130, 21, 5),
(130, 22, 5),
(130, 23, 5),
(130, 24, 5),
(130, 25, 5),
(130, 26, 5),
(130, 28, 5),
(130, 29, 5),
(130, 30, 5),
(131, 20, 5),
(131, 21, 5),
(131, 22, 5),
(131, 23, 5),
(131, 24, 5),
(131, 25, 5),
(131, 26, 5),
(131, 28, 5),
(131, 29, 5),
(131, 30, 5),
(132, 20, 5),
(132, 21, 5),
(132, 22, 5),
(132, 23, 5),
(132, 24, 5),
(132, 25, 5),
(132, 26, 5),
(132, 28, 5),
(132, 29, 5),
(132, 30, 5),
(133, 20, 3),
(133, 21, 3),
(133, 22, 4),
(133, 23, 2),
(133, 24, 3),
(133, 25, 2),
(133, 26, 3),
(133, 28, 1),
(133, 29, 2),
(133, 30, 5),
(134, 20, 5),
(134, 21, 4),
(134, 22, 4),
(134, 23, 4),
(134, 24, 4),
(134, 25, 4),
(134, 26, 4),
(134, 28, 4),
(134, 29, 4),
(134, 30, 4),
(135, 20, 5),
(135, 21, 5),
(135, 22, 5),
(135, 23, 5),
(135, 24, 5),
(135, 25, 5),
(135, 26, 5),
(135, 28, 5),
(135, 29, 5),
(135, 30, 5),
(136, 20, 5),
(136, 21, 5),
(136, 22, 5),
(136, 23, 5),
(136, 24, 5),
(136, 25, 5),
(136, 26, 5),
(136, 28, 5),
(136, 29, 5),
(136, 30, 5),
(137, 20, 5),
(137, 21, 5),
(137, 22, 5),
(137, 23, 5),
(137, 24, 5),
(137, 25, 5),
(137, 26, 5),
(137, 28, 5),
(137, 29, 5),
(137, 30, 5),
(138, 20, 5),
(138, 21, 5),
(138, 22, 5),
(138, 23, 5),
(138, 24, 5),
(138, 25, 5),
(138, 26, 5),
(138, 28, 5),
(138, 29, 5),
(138, 30, 5),
(139, 20, 5),
(139, 21, 4),
(139, 22, 5),
(139, 23, 4),
(139, 24, 5),
(139, 25, 4),
(139, 26, 5),
(139, 28, 4),
(139, 29, 5),
(139, 30, 5),
(140, 20, 2),
(140, 21, 3),
(140, 22, 2),
(140, 23, 5),
(140, 24, 3),
(140, 25, 2),
(140, 26, 3),
(140, 28, 2),
(140, 29, 3),
(140, 30, 3),
(141, 20, 5),
(141, 21, 5),
(141, 22, 5),
(141, 23, 5),
(141, 24, 5),
(141, 25, 5),
(141, 26, 5),
(141, 28, 5),
(141, 29, 5),
(141, 30, 5),
(142, 20, 5),
(142, 21, 5),
(142, 22, 5),
(142, 23, 5),
(142, 24, 5),
(142, 25, 5),
(142, 26, 5),
(142, 28, 5),
(142, 29, 5),
(142, 30, 5),
(143, 20, 4),
(143, 21, 5),
(143, 22, 5),
(143, 23, 5),
(143, 24, 5),
(143, 25, 5),
(143, 26, 5),
(143, 28, 5),
(143, 29, 5),
(143, 30, 5),
(144, 20, 5),
(144, 21, 5),
(144, 22, 5),
(144, 23, 5),
(144, 24, 5),
(144, 25, 5),
(144, 26, 5),
(144, 28, 5),
(144, 29, 5),
(144, 30, 5),
(145, 20, 5),
(145, 21, 5),
(145, 22, 5),
(145, 23, 5),
(145, 24, 5),
(145, 25, 5),
(145, 26, 5),
(145, 28, 5),
(145, 29, 5),
(145, 30, 5),
(146, 20, 5),
(146, 21, 5),
(146, 22, 5),
(146, 23, 5),
(146, 24, 5),
(146, 25, 5),
(146, 26, 5),
(146, 28, 5),
(146, 29, 5),
(146, 30, 5),
(147, 20, 5),
(147, 21, 5),
(147, 22, 5),
(147, 23, 5),
(147, 24, 5),
(147, 25, 5),
(147, 26, 5),
(147, 28, 5),
(147, 29, 5),
(147, 30, 5),
(148, 20, 5),
(148, 21, 4),
(148, 22, 5),
(148, 23, 4),
(148, 24, 5),
(148, 25, 4),
(148, 26, 5),
(148, 28, 4),
(148, 29, 5),
(148, 30, 4),
(149, 20, 5),
(149, 21, 4),
(149, 22, 5),
(149, 23, 4),
(149, 24, 5),
(149, 25, 4),
(149, 26, 5),
(149, 28, 4),
(149, 29, 5),
(149, 30, 4),
(150, 20, 5),
(150, 21, 5),
(150, 22, 5),
(150, 23, 5),
(150, 24, 5),
(150, 25, 5),
(150, 26, 5),
(150, 28, 5),
(150, 29, 5),
(150, 30, 5),
(151, 20, 5),
(151, 21, 5),
(151, 22, 5),
(151, 23, 4),
(151, 24, 5),
(151, 25, 4),
(151, 26, 4),
(151, 28, 5),
(151, 29, 5),
(151, 30, 5),
(152, 20, 5),
(152, 21, 5),
(152, 22, 4),
(152, 23, 4),
(152, 24, 4),
(152, 25, 4),
(152, 26, 5),
(152, 28, 4),
(152, 29, 4),
(152, 30, 5),
(153, 20, 5),
(153, 21, 5),
(153, 22, 5),
(153, 23, 5),
(153, 24, 5),
(153, 25, 5),
(153, 26, 5),
(153, 28, 5),
(153, 29, 5),
(153, 30, 5),
(154, 20, 5),
(154, 21, 5),
(154, 22, 5),
(154, 23, 5),
(154, 24, 5),
(154, 25, 5),
(154, 26, 5),
(154, 28, 5),
(154, 29, 5),
(154, 30, 5),
(155, 20, 4),
(155, 21, 5),
(155, 22, 5),
(155, 23, 5),
(155, 24, 5),
(155, 25, 5),
(155, 26, 5),
(155, 28, 5),
(155, 29, 5),
(155, 30, 4),
(156, 20, 5),
(156, 21, 5),
(156, 22, 5),
(156, 23, 5),
(156, 24, 5),
(156, 25, 5),
(156, 26, 5),
(156, 28, 5),
(156, 29, 3),
(156, 30, 5),
(157, 20, 5),
(157, 21, 4),
(157, 22, 5),
(157, 23, 4),
(157, 24, 4),
(157, 25, 4),
(157, 26, 4),
(157, 28, 4),
(157, 29, 5),
(157, 30, 5),
(158, 20, 2),
(158, 21, 3),
(158, 22, 4),
(158, 23, 3),
(158, 24, 1),
(158, 25, 3),
(158, 26, 3),
(158, 28, 3),
(158, 29, 2),
(158, 30, 3),
(159, 20, 5),
(159, 21, 5),
(159, 22, 5),
(159, 23, 5),
(159, 24, 5),
(159, 25, 5),
(159, 26, 5),
(159, 28, 5),
(159, 29, 5),
(159, 30, 5),
(160, 20, 5),
(160, 21, 5),
(160, 22, 5),
(160, 23, 5),
(160, 24, 5),
(160, 25, 5),
(160, 26, 5),
(160, 28, 5),
(160, 29, 5),
(160, 30, 5),
(161, 20, 5),
(161, 21, 5),
(161, 22, 5),
(161, 23, 5),
(161, 24, 5),
(161, 25, 5),
(161, 26, 5),
(161, 28, 5),
(161, 29, 5),
(161, 30, 5),
(162, 20, 5),
(162, 21, 5),
(162, 22, 5),
(162, 23, 5),
(162, 24, 5),
(162, 25, 5),
(162, 26, 5),
(162, 28, 5),
(162, 29, 5),
(162, 30, 5),
(163, 20, 5),
(163, 21, 5),
(163, 22, 5),
(163, 23, 5),
(163, 24, 5),
(163, 25, 5),
(163, 26, 5),
(163, 28, 5),
(163, 29, 5),
(163, 30, 5),
(164, 20, 5),
(164, 21, 5),
(164, 22, 5),
(164, 23, 5),
(164, 24, 5),
(164, 25, 5),
(164, 26, 5),
(164, 28, 5),
(164, 29, 5),
(164, 30, 5),
(165, 20, 5),
(165, 21, 5),
(165, 22, 5),
(165, 23, 5),
(165, 24, 5),
(165, 25, 5),
(165, 26, 5),
(165, 28, 5),
(165, 29, 5),
(165, 30, 5),
(166, 20, 5),
(166, 21, 5),
(166, 22, 5),
(166, 23, 5),
(166, 24, 5),
(166, 25, 5),
(166, 26, 5),
(166, 28, 5),
(166, 29, 5),
(166, 30, 5),
(167, 20, 5),
(167, 21, 5),
(167, 22, 5),
(167, 23, 5),
(167, 24, 5),
(167, 25, 5),
(167, 26, 5),
(167, 28, 5),
(167, 29, 5),
(167, 30, 5),
(168, 20, 3),
(168, 21, 5),
(168, 22, 5),
(168, 23, 4),
(168, 24, 5),
(168, 25, 5),
(168, 26, 5),
(168, 28, 5),
(168, 29, 5),
(168, 30, 5),
(169, 20, 5),
(169, 21, 4),
(169, 22, 5),
(169, 23, 4),
(169, 24, 5),
(169, 25, 5),
(169, 26, 4),
(169, 28, 5),
(169, 29, 5),
(169, 30, 4),
(170, 20, 5),
(170, 21, 5),
(170, 22, 5),
(170, 23, 5),
(170, 24, 5),
(170, 25, 5),
(170, 26, 5),
(170, 28, 5),
(170, 29, 5),
(170, 30, 5),
(171, 20, 5),
(171, 21, 5),
(171, 22, 5),
(171, 23, 5),
(171, 24, 5),
(171, 25, 5),
(171, 26, 5),
(171, 28, 5),
(171, 29, 5),
(171, 30, 5),
(172, 20, 5),
(172, 21, 5),
(172, 22, 5),
(172, 23, 5),
(172, 24, 5),
(172, 25, 5),
(172, 26, 5),
(172, 28, 5),
(172, 29, 5),
(172, 30, 5),
(173, 20, 5),
(173, 21, 5),
(173, 22, 5),
(173, 23, 5),
(173, 24, 5),
(173, 25, 5),
(173, 26, 5),
(173, 28, 5),
(173, 29, 4),
(173, 30, 5),
(174, 20, 5),
(174, 21, 5),
(174, 22, 5),
(174, 23, 5),
(174, 24, 5),
(174, 25, 5),
(174, 26, 5),
(174, 28, 5),
(174, 29, 5),
(174, 30, 5),
(175, 20, 5),
(175, 21, 5),
(175, 22, 5),
(175, 23, 5),
(175, 24, 5),
(175, 25, 5),
(175, 26, 5),
(175, 28, 5),
(175, 29, 5),
(175, 30, 5),
(176, 20, 5),
(176, 21, 5),
(176, 22, 5),
(176, 23, 5),
(176, 24, 5),
(176, 25, 5),
(176, 26, 5),
(176, 28, 5),
(176, 29, 5),
(176, 30, 5),
(177, 20, 5),
(177, 21, 5),
(177, 22, 5),
(177, 23, 5),
(177, 24, 5),
(177, 25, 5),
(177, 26, 4),
(177, 28, 5),
(177, 29, 5),
(177, 30, 5),
(178, 20, 1),
(178, 21, 1),
(178, 22, 2),
(178, 23, 3),
(178, 24, 2),
(178, 25, 2),
(178, 26, 3),
(178, 28, 3),
(178, 29, 2),
(178, 30, 2),
(179, 20, 5),
(179, 21, 5),
(179, 22, 5),
(179, 23, 5),
(179, 24, 5),
(179, 25, 5),
(179, 26, 5),
(179, 28, 5),
(179, 29, 5),
(179, 30, 5),
(180, 20, 5),
(180, 21, 5),
(180, 22, 5),
(180, 23, 5),
(180, 24, 5),
(180, 25, 5),
(180, 26, 5),
(180, 28, 5),
(180, 29, 5),
(180, 30, 5),
(181, 20, 5),
(181, 21, 5),
(181, 22, 5),
(181, 23, 5),
(181, 24, 5),
(181, 25, 5),
(181, 26, 5),
(181, 28, 5),
(181, 29, 5),
(181, 30, 5),
(182, 20, 5),
(182, 21, 5),
(182, 22, 5),
(182, 23, 5),
(182, 24, 5),
(182, 25, 5),
(182, 26, 5),
(182, 28, 5),
(182, 29, 5),
(182, 30, 5),
(183, 20, 5),
(183, 21, 5),
(183, 22, 5),
(183, 23, 5),
(183, 24, 5),
(183, 25, 5),
(183, 26, 5),
(183, 28, 5),
(183, 29, 5),
(183, 30, 5),
(184, 20, 5),
(184, 21, 5),
(184, 22, 5),
(184, 23, 5),
(184, 24, 5),
(184, 25, 5),
(184, 26, 5),
(184, 28, 5),
(184, 29, 5),
(184, 30, 5),
(185, 20, 5),
(185, 21, 5),
(185, 22, 5),
(185, 23, 5),
(185, 24, 5),
(185, 25, 5),
(185, 26, 5),
(185, 28, 5),
(185, 29, 5),
(185, 30, 5),
(186, 20, 5),
(186, 21, 5),
(186, 22, 5),
(186, 23, 5),
(186, 24, 5),
(186, 25, 5),
(186, 26, 5),
(186, 28, 5),
(186, 29, 5),
(186, 30, 5),
(187, 20, 5),
(187, 21, 5),
(187, 22, 5),
(187, 23, 5),
(187, 24, 5),
(187, 25, 5),
(187, 26, 5),
(187, 28, 5),
(187, 29, 5),
(187, 30, 5),
(188, 20, 5),
(188, 21, 5),
(188, 22, 5),
(188, 23, 5),
(188, 24, 5),
(188, 25, 5),
(188, 26, 5),
(188, 28, 5),
(188, 29, 5),
(188, 30, 5),
(189, 20, 5),
(189, 21, 5),
(189, 22, 5),
(189, 23, 5),
(189, 24, 5),
(189, 25, 5),
(189, 26, 5),
(189, 28, 5),
(189, 29, 5),
(189, 30, 5),
(190, 20, 4),
(190, 21, 5),
(190, 22, 5),
(190, 23, 5),
(190, 24, 5),
(190, 25, 5),
(190, 26, 5),
(190, 28, 5),
(190, 29, 5),
(190, 30, 5),
(191, 20, 5),
(191, 21, 5),
(191, 22, 5),
(191, 23, 5),
(191, 24, 5),
(191, 25, 5),
(191, 26, 5),
(191, 28, 5),
(191, 29, 5),
(191, 30, 5),
(192, 20, 5),
(192, 21, 5),
(192, 22, 5),
(192, 23, 5),
(192, 24, 4),
(192, 25, 5),
(192, 26, 5),
(192, 28, 5),
(192, 29, 5),
(192, 30, 5),
(193, 20, 4),
(193, 21, 5),
(193, 22, 5),
(193, 23, 4),
(193, 24, 5),
(193, 25, 5),
(193, 26, 5),
(193, 28, 5),
(193, 29, 5),
(193, 30, 5),
(194, 20, 2),
(194, 21, 5),
(194, 22, 5),
(194, 23, 5),
(194, 24, 5),
(194, 25, 5),
(194, 26, 5),
(194, 28, 5),
(194, 29, 5),
(194, 30, 5),
(195, 20, 5),
(195, 21, 4),
(195, 22, 4),
(195, 23, 5),
(195, 24, 5),
(195, 25, 4),
(195, 26, 5),
(195, 28, 5),
(195, 29, 4),
(195, 30, 5),
(196, 20, 5),
(196, 21, 5),
(196, 22, 5),
(196, 23, 5),
(196, 24, 5),
(196, 25, 5),
(196, 26, 5),
(196, 28, 5),
(196, 29, 5),
(196, 30, 5),
(197, 20, 3),
(197, 21, 2),
(197, 23, 3),
(197, 25, 1),
(197, 26, 2),
(197, 29, 1),
(197, 30, 2),
(198, 20, 3),
(198, 21, 3),
(198, 22, 3),
(198, 23, 2),
(198, 24, 3),
(198, 25, 3),
(198, 26, 3),
(198, 28, 3),
(198, 29, 2),
(198, 30, 3);

-- --------------------------------------------------------

--
-- Table structure for table `evaluation_list`
--

CREATE TABLE `evaluation_list` (
  `evaluation_id` int(30) NOT NULL,
  `academic_id` int(30) NOT NULL,
  `class_id` int(30) NOT NULL,
  `student_id` int(30) NOT NULL,
  `subject_id` int(30) NOT NULL,
  `faculty_id` int(30) NOT NULL,
  `restriction_id` int(30) NOT NULL,
  `date_taken` datetime NOT NULL DEFAULT current_timestamp()
) ENGINE=InnoDB DEFAULT CHARSET=utf8mb4 COLLATE=utf8mb4_general_ci;

--
-- Dumping data for table `evaluation_list`
--

INSERT INTO `evaluation_list` (`evaluation_id`, `academic_id`, `class_id`, `student_id`, `subject_id`, `faculty_id`, `restriction_id`, `date_taken`) VALUES
(1, 3, 1, 1, 1, 1, 8, '2020-12-15 16:26:51'),
(2, 3, 2, 2, 2, 1, 9, '2020-12-15 16:33:37'),
(3, 3, 1, 3, 1, 1, 8, '2020-12-15 20:18:49'),
(4, 4, 4, 5, 1, 1, 11, '2023-09-20 10:35:28'),
(5, 4, 4, 4, 2, 1, 12, '2023-09-20 13:04:45'),
(6, 4, 4, 4, 4, 2, 13, '2023-09-20 13:24:26'),
(7, 4, 4, 4, 4, 1, 11, '2023-09-20 13:24:34'),
(8, 4, 4, 5, 4, 1, 12, '2023-09-20 13:26:39'),
(9, 4, 4, 5, 4, 2, 13, '2023-09-20 13:26:52'),
(10, 4, 4, 5, 1, 1, 14, '2023-09-27 08:41:43'),
(11, 4, 4, 6, 4, 1, 11, '2023-09-29 08:56:15'),
(12, 4, 4, 6, 4, 1, 12, '2023-09-29 08:56:29'),
(13, 4, 4, 6, 4, 2, 13, '2023-09-29 08:56:43'),
(14, 4, 4, 6, 1, 1, 14, '2023-09-29 08:56:54'),
(15, 4, 4, 7, 4, 1, 11, '2023-09-30 07:37:21'),
(16, 4, 4, 7, 4, 1, 12, '2023-09-30 07:37:38'),
(17, 4, 4, 7, 4, 2, 13, '2023-09-30 07:37:56'),
(18, 4, 4, 7, 1, 1, 14, '2023-09-30 07:38:04'),
(19, 4, 4, 7, 1, 1, 14, '2023-09-30 07:38:14'),
(20, 4, 4, 7, 1, 1, 14, '2023-09-30 07:38:25'),
(21, 4, 4, 7, 1, 1, 14, '2023-09-30 07:38:39'),
(22, 4, 4, 7, 1, 1, 14, '2023-09-30 07:39:05'),
(23, 4, 4, 4, 1, 1, 14, '2023-10-04 05:36:49'),
(24, 4, 4, 42, 4, 2, 15, '2023-10-17 11:23:47'),
(25, 4, 4, 42, 5, 1, 16, '2023-10-17 11:24:10'),
(26, 4, 4, 42, 5, 1, 16, '2023-10-17 11:24:18'),
(27, 4, 4, 33, 4, 2, 15, '2023-10-18 17:29:58'),
(28, 4, 4, 33, 5, 1, 16, '2023-10-18 17:30:16'),
(29, 4, 4, 55, 4, 2, 15, '2023-10-19 05:54:17'),
(30, 4, 4, 7, 5, 1, 16, '2023-10-19 05:54:17'),
(31, 4, 4, 7, 5, 1, 16, '2023-10-19 05:54:23'),
(32, 4, 4, 26, 4, 2, 15, '2023-10-19 05:54:34'),
(33, 4, 4, 7, 5, 1, 16, '2023-10-19 05:54:35'),
(34, 4, 4, 53, 4, 2, 15, '2023-10-19 05:54:40'),
(35, 4, 4, 55, 5, 1, 16, '2023-10-19 05:54:51'),
(36, 4, 4, 26, 5, 1, 16, '2023-10-19 05:54:54'),
(37, 4, 4, 37, 4, 2, 15, '2023-10-19 05:54:59'),
(38, 4, 4, 16, 4, 2, 15, '2023-10-19 05:55:09'),
(39, 4, 4, 37, 5, 1, 16, '2023-10-19 05:55:12'),
(40, 4, 4, 16, 5, 1, 16, '2023-10-19 05:55:13'),
(41, 4, 4, 37, 5, 1, 16, '2023-10-19 05:55:17'),
(42, 4, 4, 52, 4, 2, 15, '2023-10-19 05:55:21'),
(43, 4, 4, 35, 4, 2, 15, '2023-10-19 05:55:21'),
(44, 4, 4, 11, 4, 2, 15, '2023-10-19 05:55:25'),
(45, 4, 4, 12, 4, 2, 15, '2023-10-19 05:55:25'),
(46, 4, 4, 5, 4, 2, 15, '2023-10-19 05:55:28'),
(47, 4, 4, 11, 5, 1, 16, '2023-10-19 05:55:30'),
(48, 4, 4, 74, 4, 2, 15, '2023-10-19 05:55:30'),
(49, 4, 4, 35, 5, 1, 16, '2023-10-19 05:55:32'),
(50, 4, 4, 73, 4, 2, 15, '2023-10-19 05:55:34'),
(51, 4, 4, 74, 5, 1, 16, '2023-10-19 05:55:36'),
(52, 4, 4, 56, 5, 1, 16, '2023-10-19 05:55:37'),
(53, 4, 4, 52, 5, 1, 16, '2023-10-19 05:55:39'),
(54, 4, 4, 3, 4, 2, 15, '2023-10-19 05:55:42'),
(55, 4, 4, 9, 4, 2, 15, '2023-10-19 05:55:42'),
(56, 4, 4, 2, 4, 2, 15, '2023-10-19 05:55:45'),
(57, 4, 4, 64, 4, 2, 15, '2023-10-19 05:55:47'),
(58, 4, 4, 5, 5, 1, 16, '2023-10-19 05:55:48'),
(59, 4, 4, 41, 4, 2, 15, '2023-10-19 05:55:50'),
(60, 4, 4, 9, 5, 1, 16, '2023-10-19 05:55:52'),
(61, 4, 4, 56, 5, 1, 16, '2023-10-19 05:55:52'),
(62, 4, 4, 65, 4, 2, 15, '2023-10-19 05:55:53'),
(63, 4, 4, 73, 5, 1, 16, '2023-10-19 05:55:53'),
(64, 4, 4, 4, 4, 2, 15, '2023-10-19 05:55:54'),
(65, 4, 4, 56, 5, 1, 16, '2023-10-19 05:55:58'),
(66, 4, 4, 10, 4, 2, 15, '2023-10-19 05:56:01'),
(67, 4, 4, 23, 4, 2, 15, '2023-10-19 05:56:01'),
(68, 4, 4, 65, 5, 1, 16, '2023-10-19 05:56:01'),
(69, 4, 4, 9, 5, 1, 16, '2023-10-19 05:56:03'),
(70, 4, 4, 22, 5, 1, 16, '2023-10-19 05:56:04'),
(71, 4, 4, 63, 4, 2, 15, '2023-10-19 05:56:06'),
(72, 4, 4, 4, 5, 1, 16, '2023-10-19 05:56:07'),
(73, 4, 4, 3, 5, 1, 16, '2023-10-19 05:56:09'),
(74, 4, 4, 9, 5, 1, 16, '2023-10-19 05:56:10'),
(75, 4, 4, 14, 4, 2, 15, '2023-10-19 05:56:11'),
(76, 4, 4, 54, 4, 2, 15, '2023-10-19 05:56:11'),
(77, 4, 4, 47, 4, 2, 15, '2023-10-19 05:56:12'),
(78, 4, 4, 18, 4, 2, 15, '2023-10-19 05:56:12'),
(79, 4, 4, 8, 4, 2, 15, '2023-10-19 05:56:13'),
(80, 4, 4, 2, 5, 1, 16, '2023-10-19 05:56:14'),
(81, 4, 4, 45, 4, 2, 15, '2023-10-19 05:56:16'),
(82, 4, 4, 31, 4, 2, 15, '2023-10-19 05:56:18'),
(83, 4, 4, 63, 5, 1, 16, '2023-10-19 05:56:18'),
(84, 4, 4, 21, 4, 2, 15, '2023-10-19 05:56:18'),
(85, 4, 4, 71, 4, 2, 15, '2023-10-19 05:56:20'),
(86, 4, 4, 68, 4, 2, 15, '2023-10-19 05:56:20'),
(87, 4, 4, 38, 4, 2, 15, '2023-10-19 05:56:21'),
(88, 4, 4, 8, 5, 1, 16, '2023-10-19 05:56:21'),
(89, 4, 4, 57, 5, 1, 16, '2023-10-19 05:56:22'),
(90, 4, 4, 41, 5, 1, 16, '2023-10-19 05:56:23'),
(91, 4, 4, 32, 4, 2, 15, '2023-10-19 05:56:23'),
(92, 4, 4, 63, 5, 1, 16, '2023-10-19 05:56:24'),
(93, 4, 4, 72, 4, 2, 15, '2023-10-19 05:56:32'),
(94, 4, 4, 46, 4, 2, 15, '2023-10-19 05:56:32'),
(95, 4, 4, 51, 4, 2, 15, '2023-10-19 05:56:36'),
(96, 4, 4, 58, 4, 2, 15, '2023-10-19 05:56:38'),
(97, 4, 4, 56, 4, 2, 15, '2023-10-19 05:56:42'),
(98, 4, 4, 70, 4, 2, 15, '2023-10-19 05:56:42'),
(99, 4, 4, 31, 5, 1, 16, '2023-10-19 05:56:48'),
(100, 4, 4, 14, 5, 1, 16, '2023-10-19 05:56:48'),
(101, 4, 4, 60, 4, 2, 15, '2023-10-19 05:56:51'),
(102, 4, 4, 67, 4, 2, 15, '2023-10-19 05:56:53'),
(103, 4, 4, 68, 5, 1, 16, '2023-10-19 05:56:53'),
(104, 4, 4, 49, 4, 2, 15, '2023-10-19 05:56:54'),
(105, 4, 4, 70, 5, 1, 16, '2023-10-19 05:56:55'),
(106, 4, 4, 54, 5, 1, 16, '2023-10-19 05:56:57'),
(107, 4, 4, 21, 5, 1, 16, '2023-10-19 05:56:57'),
(108, 4, 4, 22, 4, 2, 15, '2023-10-19 05:56:58'),
(109, 4, 4, 51, 5, 1, 16, '2023-10-19 05:56:58'),
(110, 4, 4, 6, 4, 2, 15, '2023-10-19 05:56:58'),
(111, 4, 4, 7, 4, 2, 15, '2023-10-19 05:56:59'),
(112, 4, 4, 10, 5, 1, 16, '2023-10-19 05:57:00'),
(113, 4, 4, 15, 4, 2, 15, '2023-10-19 05:57:01'),
(114, 4, 4, 40, 4, 2, 15, '2023-10-19 05:57:02'),
(115, 4, 4, 20, 4, 2, 15, '2023-10-19 05:57:02'),
(116, 4, 4, 66, 4, 2, 15, '2023-10-19 05:57:03'),
(117, 4, 4, 21, 5, 1, 16, '2023-10-19 05:57:04'),
(118, 4, 4, 60, 5, 1, 16, '2023-10-19 05:57:07'),
(119, 4, 4, 18, 5, 1, 16, '2023-10-19 05:57:08'),
(120, 4, 4, 23, 4, 2, 15, '2023-10-19 05:57:08'),
(121, 4, 4, 21, 5, 1, 16, '2023-10-19 05:57:09'),
(122, 4, 4, 64, 5, 1, 16, '2023-10-19 05:57:10'),
(123, 4, 4, 20, 4, 2, 15, '2023-10-19 05:57:10'),
(124, 4, 4, 71, 5, 1, 16, '2023-10-19 05:57:10'),
(125, 4, 4, 62, 4, 2, 15, '2023-10-19 05:57:11'),
(126, 4, 4, 46, 5, 1, 16, '2023-10-19 05:57:14'),
(127, 4, 4, 57, 4, 2, 15, '2023-10-19 05:57:15'),
(128, 4, 4, 23, 4, 2, 15, '2023-10-19 05:57:18'),
(129, 4, 4, 40, 4, 2, 15, '2023-10-19 05:57:19'),
(130, 4, 4, 15, 5, 1, 16, '2023-10-19 05:57:21'),
(131, 4, 4, 34, 4, 2, 15, '2023-10-19 05:57:23'),
(132, 4, 4, 50, 4, 2, 15, '2023-10-19 05:57:24'),
(133, 4, 4, 32, 5, 1, 16, '2023-10-19 05:57:24'),
(134, 4, 4, 45, 5, 1, 16, '2023-10-19 05:57:27'),
(135, 4, 4, 34, 5, 1, 16, '2023-10-19 05:57:29'),
(136, 4, 4, 53, 5, 1, 16, '2023-10-19 05:57:29'),
(137, 4, 4, 43, 4, 2, 15, '2023-10-19 05:57:30'),
(138, 4, 4, 15, 5, 1, 16, '2023-10-19 05:57:31'),
(139, 4, 4, 40, 4, 2, 15, '2023-10-19 05:57:32'),
(140, 4, 4, 66, 5, 1, 16, '2023-10-19 05:57:33'),
(141, 4, 4, 39, 4, 2, 15, '2023-10-19 05:57:34'),
(142, 4, 4, 48, 4, 2, 15, '2023-10-19 05:57:34'),
(143, 4, 4, 50, 5, 1, 16, '2023-10-19 05:57:34'),
(144, 4, 4, 62, 5, 1, 16, '2023-10-19 05:57:37'),
(145, 4, 4, 25, 5, 1, 16, '2023-10-19 05:57:46'),
(146, 4, 4, 72, 5, 1, 16, '2023-10-19 05:57:51'),
(147, 4, 4, 71, 5, 1, 16, '2023-10-19 05:57:56'),
(148, 4, 4, 40, 4, 2, 15, '2023-10-19 05:57:58'),
(149, 4, 4, 47, 5, 1, 16, '2023-10-19 05:57:59'),
(150, 4, 4, 25, 4, 2, 15, '2023-10-19 05:57:59'),
(151, 4, 4, 48, 5, 1, 16, '2023-10-19 05:58:02'),
(152, 4, 4, 58, 5, 1, 16, '2023-10-19 05:58:05'),
(153, 4, 4, 15, 5, 1, 16, '2023-10-19 05:58:06'),
(154, 4, 4, 61, 5, 1, 16, '2023-10-19 05:58:06'),
(155, 4, 4, 36, 5, 1, 16, '2023-10-19 05:58:07'),
(156, 4, 4, 20, 5, 1, 16, '2023-10-19 05:58:10'),
(157, 4, 4, 6, 5, 1, 16, '2023-10-19 05:58:10'),
(158, 4, 4, 49, 5, 1, 16, '2023-10-19 05:58:12'),
(159, 4, 4, 39, 5, 1, 16, '2023-10-19 05:58:13'),
(160, 4, 4, 36, 4, 2, 15, '2023-10-19 05:58:15'),
(161, 4, 4, 23, 5, 1, 16, '2023-10-19 05:58:16'),
(162, 4, 4, 59, 5, 1, 16, '2023-10-19 05:58:17'),
(163, 4, 4, 43, 5, 1, 16, '2023-10-19 05:58:17'),
(164, 4, 4, 20, 5, 1, 16, '2023-10-19 05:58:17'),
(165, 4, 4, 15, 5, 1, 16, '2023-10-19 05:58:18'),
(166, 4, 4, 67, 5, 1, 16, '2023-10-19 05:58:19'),
(167, 4, 4, 71, 5, 1, 16, '2023-10-19 05:58:21'),
(168, 4, 4, 13, 4, 2, 15, '2023-10-19 05:58:21'),
(169, 4, 4, 40, 4, 2, 15, '2023-10-19 05:58:22'),
(170, 4, 4, 17, 4, 2, 15, '2023-10-19 05:58:24'),
(171, 4, 4, 17, 5, 1, 16, '2023-10-19 05:58:33'),
(172, 4, 4, 59, 5, 1, 16, '2023-10-19 05:58:36'),
(173, 4, 4, 76, 4, 2, 15, '2023-10-19 05:58:36'),
(174, 4, 4, 20, 5, 1, 16, '2023-10-19 05:58:39'),
(175, 4, 4, 13, 5, 1, 16, '2023-10-19 05:58:39'),
(176, 4, 4, 20, 5, 1, 16, '2023-10-19 05:58:52'),
(177, 4, 4, 69, 5, 1, 16, '2023-10-19 05:58:53'),
(178, 4, 4, 44, 4, 2, 15, '2023-10-19 05:58:54'),
(179, 4, 4, 1, 4, 2, 15, '2023-10-19 05:59:01'),
(180, 4, 4, 61, 5, 1, 16, '2023-10-19 05:59:05'),
(181, 4, 4, 1, 5, 1, 16, '2023-10-19 05:59:06'),
(182, 4, 4, 69, 5, 1, 16, '2023-10-19 05:59:09'),
(183, 4, 4, 76, 5, 1, 16, '2023-10-19 05:59:29'),
(184, 4, 4, 75, 5, 1, 16, '2023-10-19 05:59:36'),
(185, 4, 4, 75, 5, 1, 16, '2023-10-19 05:59:40'),
(186, 4, 4, 46, 5, 1, 16, '2023-10-19 05:59:44'),
(187, 4, 4, 75, 5, 1, 16, '2023-10-19 05:59:50'),
(188, 4, 4, 75, 5, 1, 16, '2023-10-19 05:59:57'),
(189, 4, 4, 69, 4, 2, 15, '2023-10-19 06:00:01'),
(190, 4, 4, 75, 5, 1, 16, '2023-10-19 06:00:05'),
(191, 4, 4, 75, 5, 1, 16, '2023-10-19 06:00:09'),
(192, 4, 4, 75, 4, 2, 15, '2023-10-19 06:00:33'),
(193, 4, 4, 61, 4, 2, 15, '2023-10-19 06:00:48'),
(194, 4, 4, 34, 5, 1, 16, '2023-10-19 06:01:41'),
(195, 4, 4, 40, 4, 2, 15, '2023-10-19 06:02:40'),
(196, 4, 4, 30, 5, 1, 16, '2023-10-19 10:48:17'),
(197, 4, 4, 80, 4, 2, 15, '2023-11-15 14:27:21'),
(198, 4, 4, 34, 4, 3, 18, '2023-11-27 06:43:41');

-- --------------------------------------------------------

--
-- Table structure for table `faculty_list`
--

CREATE TABLE `faculty_list` (
  `id` int(30) NOT NULL,
  `school_id` varchar(100) NOT NULL,
  `firstname` varchar(200) NOT NULL,
  `lastname` varchar(200) NOT NULL,
  `email` varchar(200) NOT NULL,
  `password` text NOT NULL,
  `avatar` text NOT NULL DEFAULT 'no-image-available.png',
  `date_created` datetime NOT NULL DEFAULT current_timestamp()
) ENGINE=InnoDB DEFAULT CHARSET=utf8mb4 COLLATE=utf8mb4_general_ci;

--
-- Dumping data for table `faculty_list`
--

INSERT INTO `faculty_list` (`id`, `school_id`, `firstname`, `lastname`, `email`, `password`, `avatar`, `date_created`) VALUES
(1, '20140623', 'Pankaj', 'Durole', 'pankaj@gamil.com', '95deb5011a8fe1ccf6552bb5bcda2ff0', '1695130680_Screenshot 2023-09-19 190730.png', '2020-12-15 13:45:18'),
(2, '5243213', 'Sanjay', 'Kalyankar', 'hodcse@dietms.org', '5f1c5342818bf8c161d8ff4e18ff1720', '1695196320_Screenshot 2023-09-20 132205.png', '2023-09-20 13:22:55'),
(3, '212200150', 'Ashwini', 'Jagnade', 'ashwini@dietms.org', 'ff0eef605a66301097c87d2724025384', 'no-image-available.png', '2023-11-27 06:01:01');

-- --------------------------------------------------------

--
-- Table structure for table `question_list`
--

CREATE TABLE `question_list` (
  `id` int(30) NOT NULL,
  `academic_id` int(30) NOT NULL,
  `question` text NOT NULL,
  `order_by` int(30) NOT NULL,
  `criteria_id` int(30) NOT NULL
) ENGINE=InnoDB DEFAULT CHARSET=utf8mb4 COLLATE=utf8mb4_general_ci;

--
-- Dumping data for table `question_list`
--

INSERT INTO `question_list` (`id`, `academic_id`, `question`, `order_by`, `criteria_id`) VALUES
(1, 3, 'Sample Question', 0, 1),
(3, 3, 'Test', 2, 2),
(5, 0, 'Question 101', 0, 1),
(6, 3, 'Sample 101', 4, 1),
(9, 4, 'how is teacher teaching', 1, 1),
(10, 4, 'rate your teacher', 2, 2),
(11, 4, 'how is the teacher', 3, 0),
(12, 4, 'sdjnsakjd', 4, 2),
(13, 4, 'sdkjslfs?', 5, 1),
(14, 4, 'is the teacher teaching well??', 6, 1),
(15, 4, 'hello', 7, 4),
(16, 4, 'Has the teacher given you the lesson plan for the entire semester in the first week of teaching', 8, 1),
(17, 4, 'Does teacher discuss syllabus in class', 9, 1),
(19, 4, 'Rate the attitude of the faculty towards students?', 10, 1),
(20, 4, 'Q1.Has the teacher given you the lesson plan for the entire semester in the first week of teaching?\r\n\r\n', 0, 5),
(21, 4, 'Q2.Does the teacher informed Vision, Mission, Course Outcomes, Program Outcomes in the class?\r\n\r\n', 1, 5),
(22, 4, 'Q3.Does the teacher conduct the class exactly as per the timetable?', 2, 5),
(23, 4, 'Q4.Does the teacher engage all classes regularly?', 3, 5),
(24, 4, 'Q5.Does the teacher use following teaching tools:\r\nBlackboard, Drawing, PPT, Videos, Animations, Quiz, Charts, Models?\r\n', 4, 5),
(25, 4, 'Q.6\r\nAre you encouraged to ask questions, to make lectures interactive and lively?\r\n\r\n', 5, 5),
(26, 4, 'Q7.Is the teacher audible in the class and having good communication skill?\r\n\r\n', 6, 5),
(27, 4, 'Q.8\r\nDoes the teacher explain the concepts to you properly?\r\n\r\n', 18, 0),
(28, 4, 'Q8.Does the teacher explain the concepts to you properly?\r\n\r\n', 7, 5),
(29, 4, 'Q9. Does the teacher come to the class well prepared and have command over the course?\r\n\r\n', 8, 5),
(30, 4, 'Q10. Does the teacher’s attitude towards students is friendly and helpful?\r\n\r\n', 9, 5);

-- --------------------------------------------------------

--
-- Table structure for table `restriction_list`
--

CREATE TABLE `restriction_list` (
  `id` int(30) NOT NULL,
  `academic_id` int(30) NOT NULL,
  `faculty_id` int(30) NOT NULL,
  `class_id` int(30) NOT NULL,
  `subject_id` int(30) NOT NULL,
  `restriction_date` DATE NOT NULL 
) ENGINE=InnoDB DEFAULT CHARSET=utf8mb4 COLLATE=utf8mb4_general_ci;


--
-- Dumping data for table `restriction_list`
--

INSERT INTO `restriction_list` (`id`, `academic_id`, `faculty_id`, `class_id`, `subject_id`) VALUES
(8, 3, 1, 1, 1),
(9, 3, 1, 2, 2),
(10, 3, 1, 3, 3),
(15, 4, 2, 4, 4),
(16, 4, 1, 4, 4),
(17, 4, 1, 4, 4),
(18, 4, 3, 4, 4),
(19, 4, 3, 4, 5);

-- --------------------------------------------------------

--
-- Table structure for table `student_list`
--

CREATE TABLE `student_list` (
  `id` int(30) NOT NULL,
  `school_id` varchar(100) NOT NULL,
  `firstname` varchar(200) NOT NULL,
  `lastname` varchar(200) NOT NULL,
  `email` varchar(200) NOT NULL,
  `password` text NOT NULL,
  `class_id` int(30) NOT NULL,
  `avatar` text NOT NULL DEFAULT 'no-image-available.png',
  `date_created` datetime NOT NULL DEFAULT current_timestamp()
) ENGINE=InnoDB DEFAULT CHARSET=utf8mb4 COLLATE=utf8mb4_general_ci;

--
-- Dumping data for table `student_list`
--

INSERT INTO `student_list` (`id`, `school_id`, `firstname`, `lastname`, `email`, `password`, `class_id`, `avatar`, `date_created`) VALUES
(1, '2.12E+12', 'YASHWANT', 'HANGE', 'yashvanthange420@gmail.com', '5d41402abc4b2a76b9719d911017c592', 4, '', '0000-00-00 00:00:00'),
(2, '2.12E+12', 'SHIVDATT', 'LAKHE', 'Shivdattlakhe999@gmail.com', '5d41402abc4b2a76b9719d911017c592', 4, '', '0000-00-00 00:00:00'),
(3, '2.12E+12', 'VAIBHAV ', 'KALDATE', 'vaibhavkaldate19@gmail.com', '5d41402abc4b2a76b9719d911017c592', 4, '', '0000-00-00 00:00:00'),
(4, '2.12E+12', ' SAMARTH ', 'KOLHE', 'samakolhe677@gmail.com', '5d41402abc4b2a76b9719d911017c592', 4, '', '0000-00-00 00:00:00'),
(5, '2.12E+12', 'TANISHQ ', 'JAWANJAL', 'jawanjaltanishq51@gmail.com', '5d41402abc4b2a76b9719d911017c592', 4, '1697695320_IMG_20231008_230918_000.jpg', '0000-00-00 00:00:00'),
(6, '2.12E+12', ' OM ', 'GADEKAR', 'omgadekar25@gmail.com', '5d41402abc4b2a76b9719d911017c592', 4, '', '0000-00-00 00:00:00'),
(7, '2.12E+12', ' ANAND ', 'BAWASKAR', 'bawaskar126@gmail.com', '5d41402abc4b2a76b9719d911017c592', 4, '', '0000-00-00 00:00:00'),
(8, '2.12E+12', ' RUSHIKESH ', 'BAKHARE', 'bakharerushikesh@gmail.com', '5d41402abc4b2a76b9719d911017c592', 4, '', '0000-00-00 00:00:00'),
(9, '2.12E+12', 'ANAND', 'CHOPADE', 'chopadeanand268@gmail.com', '5d41402abc4b2a76b9719d911017c592', 4, '', '0000-00-00 00:00:00'),
(10, '2.12E+12', ' YOGESH ', 'DUDHATE', 'dudhamunjaji@gmail.com', '5d41402abc4b2a76b9719d911017c592', 4, '', '0000-00-00 00:00:00'),
(11, '2.12E+12', ' UMESH ', 'AKADE', 'umeshakade3@gmail.com', '5d41402abc4b2a76b9719d911017c592', 4, '', '0000-00-00 00:00:00'),
(12, '2.12E+12', ' DIVYA ', 'CHOUDHARI', 'divyachoudhari22@gmail.com', '5d41402abc4b2a76b9719d911017c592', 4, '', '0000-00-00 00:00:00'),
(13, '2.12E+12', ' DHANASHREE ', 'DURPADE', 'dhanashreed887@gmail.com', '5d41402abc4b2a76b9719d911017c592', 4, '', '0000-00-00 00:00:00'),
(14, '2.12E+12', ' ATHARVA ', 'KAD', 'atharvakad02@gmail.com', '5d41402abc4b2a76b9719d911017c592', 4, '', '0000-00-00 00:00:00'),
(15, '2.12E+12', ' NILESH ', 'IDHATE', 'nileshidhate4115@gmail.com', '5d41402abc4b2a76b9719d911017c592', 4, '', '0000-00-00 00:00:00'),
(16, '2.12E+12', ' SUYOG ', 'GADEKAR', 'Suyog9402@gmail.com', '5d41402abc4b2a76b9719d911017c592', 4, '', '0000-00-00 00:00:00'),
(17, '2.12E+12', ' DAYEETA ', 'CHAKRAVORTY', 'chakravortydayeeta@gmail.com', '5d41402abc4b2a76b9719d911017c592', 4, '', '0000-00-00 00:00:00'),
(18, '2.12E+12', ' KEDAR ', 'SHAH', 'kedarshah355@gmail.com', '5d41402abc4b2a76b9719d911017c592', 4, '', '0000-00-00 00:00:00'),
(19, '2.12E+12', ' GAURAV ', 'TETWAR', 'gauravtetwar99@gmail.com', '5d41402abc4b2a76b9719d911017c592', 4, '', '0000-00-00 00:00:00'),
(20, '2.12E+12', ' KRISHNA ', 'AUTE', 'krishnadaute@gmail.com', '5d41402abc4b2a76b9719d911017c592', 4, '', '0000-00-00 00:00:00'),
(21, '2.12E+12', ' SWAPNIL ', 'DARWANTE', 'swapnildarwante613@gmail.com', '5d41402abc4b2a76b9719d911017c592', 4, '', '0000-00-00 00:00:00'),
(22, '2.12E+12', ' ZOYA ', 'ARAB', 'arabzoya236@gmail.com', '5d41402abc4b2a76b9719d911017c592', 4, '', '0000-00-00 00:00:00'),
(23, '2.12E+12', ' PRATIKSHA ', 'BHISE', 'pratikshabhise87@gmail.com', '5d41402abc4b2a76b9719d911017c592', 4, '', '0000-00-00 00:00:00'),
(24, '2.12E+12', ' ANAGHA ', 'KHANDARE', 'khandareanagha2003@gmail.com', '5d41402abc4b2a76b9719d911017c592', 4, '', '0000-00-00 00:00:00'),
(25, '2.12E+12', ' SHANTANU ', 'KULKARNI', 'shantanumurtikar@gmail.com', '5d41402abc4b2a76b9719d911017c592', 4, '', '0000-00-00 00:00:00'),
(26, '2.12E+12', ' TEJAS ', 'MESHRAM', 'tejasmeshram2909@gmail.com', '5d41402abc4b2a76b9719d911017c592', 4, '', '0000-00-00 00:00:00'),
(27, '2.12E+12', ' SNEHA ', 'BAJPAI', 'sbehbajpai@gmail.com', '5d41402abc4b2a76b9719d911017c592', 4, '', '0000-00-00 00:00:00'),
(28, '2.12E+12', ' RUSHIKESH ', 'KULKARNI', 'rushi.rk1710@gmail.com', '5d41402abc4b2a76b9719d911017c592', 4, '', '0000-00-00 00:00:00'),
(29, '2.12E+12', 'SADIYA  ', 'FATIMA', 'khwajasadiya@gmail.com', '5d41402abc4b2a76b9719d911017c592', 4, '', '0000-00-00 00:00:00'),
(30, '2.12E+12', ' RENUKA ', 'DESHMUKH', 'renukad99991@gmail.com', '5d41402abc4b2a76b9719d911017c592', 4, '', '0000-00-00 00:00:00'),
(31, '2.12E+12', 'KHUSHI', 'KUNTE', 'Khushikunte1@gmail.com', '5d41402abc4b2a76b9719d911017c592', 4, '', '0000-00-00 00:00:00'),
(32, '2.12E+12', 'HEMANT', 'BHUJANG', 'hemantbhujang517@gmail.com', '5d41402abc4b2a76b9719d911017c592', 4, '', '0000-00-00 00:00:00'),
(33, '2.12E+12', 'TABISH', 'KHAN', 'khantabish2448@gmail.com', '5d41402abc4b2a76b9719d911017c592', 4, '1697650260_3Asset 1@72x.png', '0000-00-00 00:00:00'),
(34, '2.12E+12', ' MAYANK ', 'AGRAWAL', 'agrawalmayank.ma001@gmail.com', '5d41402abc4b2a76b9719d911017c592', 4, '', '0000-00-00 00:00:00'),
(35, '2.12E+12', ' ANIKET ', 'CHOPDE', 'aniketchopde03@gmail.com', '5d41402abc4b2a76b9719d911017c592', 4, '', '0000-00-00 00:00:00'),
(36, '2.12E+12', ' TEJAS ', 'MISAL', 'tejasmisal2265@gmail.com', '5d41402abc4b2a76b9719d911017c592', 4, '', '0000-00-00 00:00:00'),
(37, '2.12E+12', ' SAHIL ', 'MHATRE', 'sahilmhatre2666@gmail.com', '5d41402abc4b2a76b9719d911017c592', 4, '', '0000-00-00 00:00:00'),
(38, '2.12E+12', ' BHAGYASHRI ', 'BHUTEKAR', 'bhagyashribhutekar24@gmail.com', '5d41402abc4b2a76b9719d911017c592', 4, '', '0000-00-00 00:00:00'),
(39, '2.12E+12', ' ROHAN ', 'CHAUDHARI', 'rohan.chaudhari963@gmail.com', '5d41402abc4b2a76b9719d911017c592', 4, '', '0000-00-00 00:00:00'),
(40, '2.12E+12', ' ASHWINI ', 'BAHIR', 'bahirashwini45@gmail.com', '5d41402abc4b2a76b9719d911017c592', 4, '', '0000-00-00 00:00:00'),
(41, '2.12E+12', ' RUPALI ', 'KHANDARE', 'rupalirkhandare20@gmail.com', '5d41402abc4b2a76b9719d911017c592', 4, '', '0000-00-00 00:00:00'),
(42, '2.12E+12', ' PRASAD ', 'BHUJBAL', 'p.s.bhujbal1234@gmail.com', '5d41402abc4b2a76b9719d911017c592', 4, '', '0000-00-00 00:00:00'),
(43, '2.12E+12', ' GAURAVI ', 'KULKARNI', 'gauravikulkarni163@gmail.com', '5d41402abc4b2a76b9719d911017c592', 4, '', '0000-00-00 00:00:00'),
(44, '2.12E+12', ' RENUKA ', 'KULKARNI', 'renukulkarni4545@gmail.com', '5d41402abc4b2a76b9719d911017c592', 4, '', '0000-00-00 00:00:00'),
(45, '2.12E+12', ' SIDDHI ', 'BIKKAD', 'siddhibikkad03@gmail.com', '5d41402abc4b2a76b9719d911017c592', 4, '', '0000-00-00 00:00:00'),
(46, '2.12E+12', ' PRANJALI ', 'DUBEY', 'pranjalidubey0016@gmail.com', '5d41402abc4b2a76b9719d911017c592', 4, '', '0000-00-00 00:00:00'),
(47, '2.12E+12', ' SHRUTI ', 'AWASTHI', 'shrutiawasthi07@gmail.com', '5d41402abc4b2a76b9719d911017c592', 4, '', '0000-00-00 00:00:00'),
(48, '2.12E+12', ' POOJA ', 'KALAWAR', 'kalawarpooja@gmail.com', '5d41402abc4b2a76b9719d911017c592', 4, '', '0000-00-00 00:00:00'),
(49, '2.12E+12', ' SAEE ', 'JAGDALE', 'joej68902@gmail.com', '5d41402abc4b2a76b9719d911017c592', 4, '', '0000-00-00 00:00:00'),
(50, '2.12E+12', ' SHUBHANGI ', 'GAIKWAD', 'Shubhangigaikwad1803@gmail.com', '5d41402abc4b2a76b9719d911017c592', 4, '', '0000-00-00 00:00:00'),
(51, '2.12E+12', ' SHIVKUMAR ', 'KADAM', 'kadamshiv11@gmail.com', '5d41402abc4b2a76b9719d911017c592', 4, '', '0000-00-00 00:00:00'),
(52, '2.12E+12', ' SANIKA ', 'CHAVAN', 'sanikachavan1806@gmail.com', '5d41402abc4b2a76b9719d911017c592', 4, '', '0000-00-00 00:00:00'),
(53, '2.12E+12', ' MRUNAL ', 'KHANKE', 'mrunalkhanke7@gmail.com', '5d41402abc4b2a76b9719d911017c592', 4, '1701062040_WhatsApp Image 2023-11-04 at 05.43.00_6f50eb55.jpg', '0000-00-00 00:00:00'),
(54, '2.12E+12', ' SAMYAK ', 'JAIN', 'samyakdjain03@gmail.com', '5d41402abc4b2a76b9719d911017c592', 4, '', '0000-00-00 00:00:00'),
(55, '2.12E+12', 'WALEED ', 'BAHAKIM', 'waleedbahakim123@gmail.com', '5d41402abc4b2a76b9719d911017c592', 4, '', '0000-00-00 00:00:00'),
(56, '2.12E+12', ' ABHAY ', 'JADHAV', 'abhayjadhav8164@gmail.com', '5d41402abc4b2a76b9719d911017c592', 4, '', '0000-00-00 00:00:00'),
(57, '2.12E+12', ' YASHWANT ', 'BHOSLE', 'bhosleyash18@gmail.com', '5d41402abc4b2a76b9719d911017c592', 4, '', '0000-00-00 00:00:00'),
(58, '2.12E+12', ' SHREYA ', 'DESHMUKH', 'deshmukhga101@gmail.com', '5d41402abc4b2a76b9719d911017c592', 4, '', '0000-00-00 00:00:00'),
(59, '2.12E+12', 'AATIF', 'AHMED', 'ideapadaatif@gmail.com', '5d41402abc4b2a76b9719d911017c592', 4, '', '0000-00-00 00:00:00'),
(60, '2.12E+12', 'RUTUJA', 'DALAL', 'dalalrutuja2004@gmail.com', '5d41402abc4b2a76b9719d911017c592', 4, '', '0000-00-00 00:00:00'),
(61, '2.12E+12', ' SWAPNIL ', 'PAWAR', 'swapnilspawar8767@gmail.com', '5d41402abc4b2a76b9719d911017c592', 4, '', '0000-00-00 00:00:00'),
(62, '2.22E+12', ' SNEHA ', 'SONAWANE', 'snehasonawane099@gmail.com', '5d41402abc4b2a76b9719d911017c592', 4, '', '0000-00-00 00:00:00'),
(63, '2.22E+12', ' SIDDHANT ', 'SARODE', 'siddhantsarode07@gmail.com', '5d41402abc4b2a76b9719d911017c592', 4, '', '0000-00-00 00:00:00'),
(64, '2.22E+12', ' SAHIL ', 'PATIL', 'sahilspatil6@gmail.com', '5d41402abc4b2a76b9719d911017c592', 4, '', '0000-00-00 00:00:00'),
(65, '2.22E+12', ' SIDDHI ', 'TRIBHUWAN', 'siddhitribhuwan@gmail.com', '5d41402abc4b2a76b9719d911017c592', 4, '', '0000-00-00 00:00:00'),
(66, '2.22E+12', ' SAKSHI ', 'KAKDE', 'sakshi.kakde2004@gmail.com', '5d41402abc4b2a76b9719d911017c592', 4, '', '0000-00-00 00:00:00'),
(67, '2.22E+12', ' SHITAL ', 'KENDRE', 'shitalkendre049@gmail.com', '5d41402abc4b2a76b9719d911017c592', 4, '', '0000-00-00 00:00:00'),
(68, '2.22E+12', ' SAYLI ', 'DESHPANDE', 'amrutasayli@gmail.com', '5d41402abc4b2a76b9719d911017c592', 4, '', '0000-00-00 00:00:00'),
(69, '2.22E+12', ' SAMRUDDHI ', 'GIRI', 'samruddhi07giri@gmail.com', '5d41402abc4b2a76b9719d911017c592', 4, '', '0000-00-00 00:00:00'),
(70, '2.22E+12', ' VAISHALI ', 'NILE', 'vaishalinile896@gmail.com', '5d41402abc4b2a76b9719d911017c592', 4, '', '0000-00-00 00:00:00'),
(71, '2.22E+12', ' GARGI ', 'KSHIRSAGAR', 'kshirsagargargi5@gmail.com', '5d41402abc4b2a76b9719d911017c592', 4, '', '0000-00-00 00:00:00'),
(72, '2.22E+12', ' SNEHAL ', 'PRADHAN', 'snehalpradhan695@gmail.com', '5d41402abc4b2a76b9719d911017c592', 4, '', '0000-00-00 00:00:00'),
(73, '2.22E+12', ' ADITI ', 'DESHPANDE', 'daditideshpande28@gmail.com', '5d41402abc4b2a76b9719d911017c592', 4, '', '0000-00-00 00:00:00'),
(74, '2.22E+12', ' MANISHA ', 'PENDHARKAR', 'manishapendharkar2004@gmail.com', '5d41402abc4b2a76b9719d911017c592', 4, '', '0000-00-00 00:00:00'),
(75, '2.22E+12', ' OM ', 'DONGRE', 'omdongre02@gmail.com', '5d41402abc4b2a76b9719d911017c592', 4, '', '0000-00-00 00:00:00'),
(76, '2.22E+12', ' ROHIT ', 'HADULE', 'rohithadule2000@gmail.com', '5d41402abc4b2a76b9719d911017c592', 4, '', '0000-00-00 00:00:00'),
(80, '2121141242111', 'Tabish', 'Khan', 'tabishkhan@auradigital.in', '5d41402abc4b2a76b9719d911017c592', 4, '1700057400_TABISHKHANPROFILE.jpg', '2023-11-15 14:10:59'),
(81, '2122000150', 'Aryan ', 'Thacker', 'aryan@gmail.com', '5d41402abc4b2a76b9719d911017c592', 4, '1701063600_rayyan banner4(red latest-2).jpg', '2023-11-27 05:40:35');

-- --------------------------------------------------------

--
-- Table structure for table `subject_list`
--

CREATE TABLE `subject_list` (
  `id` int(30) NOT NULL,
  `code` varchar(50) NOT NULL,
  `subject` text NOT NULL,
  `description` text NOT NULL
) ENGINE=InnoDB DEFAULT CHARSET=utf8mb4 COLLATE=utf8mb4_general_ci;

--
-- Dumping data for table `subject_list`
--

INSERT INTO `subject_list` (`id`, `code`, `subject`, `description`) VALUES
(4, 'BTBS123', 'Software Engineering', 'Software engineering'),
(5, 'BTCOC501', 'Database Systems', '');

-- --------------------------------------------------------

--
-- Table structure for table `system_settings`
--

CREATE TABLE `system_settings` (
  `id` int(30) NOT NULL,
  `name` text NOT NULL,
  `email` varchar(200) NOT NULL,
  `contact` varchar(20) NOT NULL,
  `address` text NOT NULL,
  `cover_img` text NOT NULL
) ENGINE=InnoDB DEFAULT CHARSET=utf8mb4 COLLATE=utf8mb4_general_ci;

--
-- Dumping data for table `system_settings`
--

INSERT INTO `system_settings` (`id`, `name`, `email`, `contact`, `address`, `cover_img`) VALUES
(1, 'Faculty Evaluation System', 'info@sample.comm', '+6948 8542 623', '2102  Caldwell Road, Rochester, New York, 14608', '');

-- --------------------------------------------------------

--
-- Table structure for table `users`
--

CREATE TABLE `users` (
  `id` int(30) NOT NULL,
  `firstname` varchar(200) NOT NULL,
  `lastname` varchar(200) NOT NULL,
  `email` varchar(200) NOT NULL,
  `password` text NOT NULL,
  `avatar` text NOT NULL DEFAULT 'no-image-available.png',
  `date_created` datetime NOT NULL DEFAULT current_timestamp()
) ENGINE=InnoDB DEFAULT CHARSET=utf8mb4 COLLATE=utf8mb4_general_ci;

--
-- Dumping data for table `users`
--

INSERT INTO `users` (`id`, `firstname`, `lastname`, `email`, `password`, `avatar`, `date_created`) VALUES
(1, 'Administrator', '', 'admin@admin.com', '0192023a7bbd73250516f069df18b500', '1607135820_avatar.jpg', '2020-11-26 10:57:04'),
(2, 'Sanjay', 'Kalyankar', 'hodcse@dietms.org', '5f1c5342818bf8c161d8ff4e18ff1720', '1695196980_Screenshot 2023-09-20 132205.png', '2023-09-20 13:33:21');

--
-- Indexes for dumped tables
--

--
-- Indexes for table `academic_list`
--
ALTER TABLE `academic_list`
  ADD PRIMARY KEY (`id`);

--
-- Indexes for table `class_list`
--
ALTER TABLE `class_list`
  ADD PRIMARY KEY (`id`);

--
-- Indexes for table `criteria_list`
--
ALTER TABLE `criteria_list`
  ADD PRIMARY KEY (`id`);

--
-- Indexes for table `evaluation_list`
--
ALTER TABLE `evaluation_list`
  ADD PRIMARY KEY (`evaluation_id`);

--
-- Indexes for table `faculty_list`
--
ALTER TABLE `faculty_list`
  ADD PRIMARY KEY (`id`);

--
-- Indexes for table `question_list`
--
ALTER TABLE `question_list`
  ADD PRIMARY KEY (`id`);

--
-- Indexes for table `restriction_list`
--
ALTER TABLE `restriction_list`
  ADD PRIMARY KEY (`id`);

--
-- Indexes for table `student_list`
--
ALTER TABLE `student_list`
  ADD PRIMARY KEY (`id`);

--
-- Indexes for table `subject_list`
--
ALTER TABLE `subject_list`
  ADD PRIMARY KEY (`id`);

--
-- Indexes for table `system_settings`
--
ALTER TABLE `system_settings`
  ADD PRIMARY KEY (`id`);

--
-- Indexes for table `users`
--
ALTER TABLE `users`
  ADD PRIMARY KEY (`id`);

--
-- AUTO_INCREMENT for dumped tables
--

--
-- AUTO_INCREMENT for table `academic_list`
--
ALTER TABLE `academic_list`
  MODIFY `id` int(30) NOT NULL AUTO_INCREMENT, AUTO_INCREMENT=6;

--
-- AUTO_INCREMENT for table `class_list`
--
ALTER TABLE `class_list`
  MODIFY `id` int(30) NOT NULL AUTO_INCREMENT, AUTO_INCREMENT=6;

--
-- AUTO_INCREMENT for table `criteria_list`
--
ALTER TABLE `criteria_list`
  MODIFY `id` int(30) NOT NULL AUTO_INCREMENT, AUTO_INCREMENT=6;

--
-- AUTO_INCREMENT for table `evaluation_list`
--
ALTER TABLE `evaluation_list`
  MODIFY `evaluation_id` int(30) NOT NULL AUTO_INCREMENT, AUTO_INCREMENT=199;

--
-- AUTO_INCREMENT for table `faculty_list`
--
ALTER TABLE `faculty_list`
  MODIFY `id` int(30) NOT NULL AUTO_INCREMENT, AUTO_INCREMENT=4;

--
-- AUTO_INCREMENT for table `question_list`
--
ALTER TABLE `question_list`
  MODIFY `id` int(30) NOT NULL AUTO_INCREMENT, AUTO_INCREMENT=31;

--
-- AUTO_INCREMENT for table `restriction_list`
--
ALTER TABLE `restriction_list`
  MODIFY `id` int(30) NOT NULL AUTO_INCREMENT, AUTO_INCREMENT=20;

--
-- AUTO_INCREMENT for table `student_list`
--
ALTER TABLE `student_list`
  MODIFY `id` int(30) NOT NULL AUTO_INCREMENT, AUTO_INCREMENT=82;

--
-- AUTO_INCREMENT for table `subject_list`
--
ALTER TABLE `subject_list`
  MODIFY `id` int(30) NOT NULL AUTO_INCREMENT, AUTO_INCREMENT=6;

--
-- AUTO_INCREMENT for table `system_settings`
--
ALTER TABLE `system_settings`
  MODIFY `id` int(30) NOT NULL AUTO_INCREMENT, AUTO_INCREMENT=2;

--
-- AUTO_INCREMENT for table `users`
--
ALTER TABLE `users`
  MODIFY `id` int(30) NOT NULL AUTO_INCREMENT, AUTO_INCREMENT=3;
COMMIT;

/*!40101 SET CHARACTER_SET_CLIENT=@OLD_CHARACTER_SET_CLIENT */;
/*!40101 SET CHARACTER_SET_RESULTS=@OLD_CHARACTER_SET_RESULTS */;
/*!40101 SET COLLATION_CONNECTION=@OLD_COLLATION_CONNECTION */;
